City_ID,City,Lat,Lng,Max Temp,Humidity,Cloudiness,Wind Speed,Country,Date
0,jacareacanga,-6.2222,-57.7528,22.25,99,100,0.62,BR,1675668360
1,upernavik,72.7868,-56.1549,-26.6,94,100,7.03,GL,1675668157
2,kargat,55.1956,80.2811,-11.63,91,100,2.87,RU,1675668361
3,warrington,53.3925,-2.5802,1.69,87,0,2.06,GB,1675668361
4,hithadhoo,-0.6,73.0833,27.48,71,25,5.71,MV,1675668082
5,cidreira,-30.1811,-50.2056,20.32,91,21,2.54,BR,1675668361
6,puerto ayora,-0.7393,-90.3518,25.86,95,16,2.24,EC,1675668362
7,saskylakh,71.9167,114.0833,-41.22,100,98,1.76,RU,1675668362
8,mayumba,-3.432,10.6554,25.11,88,100,3.85,GA,1675668362
9,houlton,46.1262,-67.8403,-5.77,65,100,0.0,US,1675668363
10,ushuaia,-54.8,-68.3,5.81,70,75,0.51,AR,1675668302
11,bulungu,-4.55,18.6,22.82,86,100,1.24,CD,1675668364
12,iseyin,7.9667,3.6,24.87,81,100,2.16,NG,1675668364
13,yulara,-25.2406,130.9889,34.0,8,0,4.42,AU,1675668365
14,shirokiy,49.758,129.523,-16.47,93,96,1.66,RU,1675668365
15,nikolskoye,59.7035,30.7861,-1.06,97,100,1.76,RU,1675668171
16,hamilton,39.1834,-84.5333,3.94,79,0,4.63,US,1675668185
17,iquitos,-3.7481,-73.2472,22.02,100,0,1.54,PE,1675668366
18,cape town,-33.9258,18.4232,26.73,72,20,5.66,ZA,1675668366
19,vaini,-21.2,-175.2,26.09,89,20,2.06,TO,1675668367
20,albany,42.6001,-73.9662,3.23,66,100,1.09,US,1675668302
21,castro,-24.7911,-50.0119,14.77,87,100,1.58,BR,1675668367
22,kaitangata,-46.2817,169.8464,17.52,63,90,4.17,NZ,1675668367
23,coahuayana,18.7333,-103.6833,20.5,71,7,1.85,MX,1675668228
24,baherden,38.4362,57.4316,13.89,27,19,3.67,TM,1675668368
25,hobart,-42.8794,147.3294,21.92,41,20,8.75,AU,1675668149
26,punta arenas,-53.15,-70.9167,11.06,71,100,7.72,CL,1675668130
27,brae,60.3964,-1.353,8.49,86,100,11.27,GB,1675668337
28,hermanus,-34.4187,19.2345,22.67,82,100,5.63,ZA,1675668368
29,chokurdakh,70.6333,147.9167,-32.25,98,100,1.55,RU,1675668113
30,manicore,-5.8092,-61.3003,22.44,99,100,0.95,BR,1675668369
31,bethel,41.3712,-73.414,3.6,72,100,0.0,US,1675668369
32,leningradskiy,69.3833,178.4167,-30.44,98,100,2.29,RU,1675668370
33,san vicente,-26.6167,-54.1333,16.41,57,100,0.86,AR,1675668370
34,busselton,-33.65,115.3333,27.05,44,0,8.37,AU,1675668372
35,aklavik,68.2191,-135.0107,-41.8,100,61,0.66,CA,1675668373
36,qaanaaq,77.484,-69.3632,-25.6,96,100,1.95,GL,1675668374
37,esperance,-33.8667,121.9,31.8,40,1,8.87,AU,1675668188
38,guapi,2.5708,-77.8854,22.81,96,89,1.77,CO,1675668374
39,chuy,-33.6971,-53.4616,17.15,91,4,2.09,UY,1675668139
40,bluff,-46.6,168.3333,15.84,75,100,10.67,NZ,1675668375
41,tasiilaq,65.6145,-37.6368,-5.91,93,100,3.88,GL,1675668175
42,jamestown,42.097,-79.2353,2.79,92,100,3.09,US,1675668376
43,haines junction,60.7522,-137.5108,-12.03,92,100,1.03,CA,1675668376
44,arrifes,37.7667,-25.7,14.14,82,75,3.09,PT,1675668376
45,rikitea,-23.1203,-134.9692,25.91,77,10,5.29,PF,1675668377
46,portland,45.5234,-122.6762,7.56,89,75,2.24,US,1675668105
47,djibo,14.1022,-1.6306,20.61,15,10,4.35,BF,1675668377
48,berlevag,70.8578,29.0864,2.0,86,20,6.69,NO,1675668129
49,dzerzhinsk,56.2389,43.4631,-7.1,86,100,2.0,RU,1675668378
50,mataura,-46.1927,168.8643,16.63,66,100,2.08,NZ,1675668378
51,cassilandia,-19.1133,-51.7342,21.88,91,100,0.93,BR,1675668378
52,mizan teferi,6.9833,35.5833,20.46,55,97,0.47,ET,1675668379
53,sassandra,4.95,-6.0833,24.47,93,100,2.05,CI,1675668379
54,yellowknife,62.456,-114.3525,-19.69,77,100,4.12,CA,1675668380
55,muros,42.7762,-9.0603,4.91,85,5,2.53,ES,1675668380
56,tuatapere,-46.1333,167.6833,17.91,60,100,2.97,NZ,1675668380
57,sao filipe,14.8961,-24.4956,19.93,65,38,7.39,CV,1675668381
58,burnie,-41.0667,145.9167,22.19,47,5,5.91,AU,1675668381
59,asau,46.4333,26.4,-4.29,90,100,4.0,RO,1675668381
60,vayalar,9.7,76.3333,35.57,61,91,2.66,IN,1675668382
61,evanston,42.0411,-87.6901,-1.62,83,0,0.45,US,1675668323
62,shingu,33.7333,135.9833,10.77,55,100,0.83,JP,1675668382
63,khatanga,71.9667,102.5,-36.75,99,72,2.76,RU,1675668382
64,mizdah,31.4451,12.9801,7.64,74,76,1.8,LY,1675668383
65,kruisfontein,-34.0033,24.7314,22.71,80,80,3.0,ZA,1675668186
66,nagato,34.3833,131.2,9.43,56,100,1.24,JP,1675668383
67,kapaa,22.0752,-159.319,24.18,86,100,7.2,US,1675668383
68,katsuura,35.1333,140.3,11.53,44,100,1.34,JP,1675668384
69,butaritari,3.0707,172.7902,27.13,81,67,8.6,KI,1675668384
70,lavrentiya,65.5833,-171.0,-23.94,93,93,3.04,RU,1675668384
71,talnakh,69.4865,88.3972,-17.54,99,99,0.78,RU,1675668385
72,ambilobe,-13.2,49.05,29.65,68,41,0.9,MG,1675668385
73,deputatskiy,69.3,139.9,-40.79,99,60,2.56,RU,1675668385
74,beringovskiy,63.05,179.3167,-29.49,97,87,4.56,RU,1675668386
75,castro-urdiales,43.3829,-3.2204,9.99,79,93,5.01,ES,1675668386
76,dalbandin,28.8947,64.4101,17.83,21,0,3.43,PK,1675668386
77,koshki,54.2091,50.4677,-9.7,93,100,1.17,RU,1675668387
78,ilheus,-14.7889,-39.0494,22.85,90,63,1.29,BR,1675668335
79,smithers,54.7804,-127.1743,1.18,64,100,4.12,CA,1675668317
80,port blair,11.6667,92.75,28.75,68,14,5.44,IN,1675668387
81,kalmunai,7.4167,81.8167,26.4,82,100,6.12,LK,1675668387
82,lebu,-37.6167,-73.65,14.24,92,1,7.5,CL,1675668388
83,san cristobal,7.7669,-72.225,18.32,82,100,1.14,VE,1675668388
84,laguna,38.421,-121.4238,7.4,93,0,0.0,US,1675668341
85,fairbanks,64.8378,-147.7164,-20.81,77,75,3.09,US,1675668300
86,salinopolis,-0.6136,-47.3561,24.71,89,96,3.49,BR,1675668388
87,tiksi,71.6872,128.8694,-30.87,100,100,1.23,RU,1675668389
88,sorland,67.667,12.6934,5.92,90,100,16.46,NO,1675668389
89,luderitz,-26.6481,15.1594,18.63,79,44,1.41,NA,1675668389
90,payo,-3.7508,103.6372,34.0,39,99,3.01,ID,1675668390
91,necochea,-38.5473,-58.7368,19.97,82,6,5.06,AR,1675668390
92,vao,-22.6667,167.4833,26.28,83,61,7.21,NC,1675668390
93,ossora,59.2353,163.0719,-25.22,87,25,2.15,RU,1675668390
94,gangawati,15.4333,76.5333,31.37,27,75,3.18,IN,1675668391
95,faanui,-16.4833,-151.75,27.56,73,13,6.36,PF,1675668325
96,hasaki,35.7333,140.8333,12.34,58,100,2.62,JP,1675668391
97,kavieng,-2.5744,150.7967,28.48,74,67,3.57,PG,1675668194
98,ponta do sol,32.6667,-17.1,15.35,60,3,3.07,PT,1675668391
99,dikson,73.5069,80.5464,-17.99,97,99,1.41,RU,1675668392
100,batagay-alyta,67.8006,130.4114,-36.88,100,97,1.15,RU,1675668152
101,tual,-5.6667,132.75,27.13,80,77,8.62,ID,1675668392
102,ribeira grande,38.5167,-28.7,16.54,94,75,5.14,PT,1675668150
103,takoradi,4.8845,-1.7554,26.19,89,30,3.22,GH,1675668392
104,langsa,4.4683,97.9683,29.21,71,84,1.72,ID,1675668392
105,smolenka,52.1352,113.4974,-7.96,45,70,5.0,RU,1675668393
106,broome,42.2506,-75.833,4.92,68,100,2.57,US,1675668140
107,san patricio,28.017,-97.5169,18.92,93,0,3.73,US,1675668393
108,namibe,-15.1961,12.1522,21.86,79,97,1.96,AO,1675668393
109,udachnyy,66.4167,112.4,-31.42,67,100,0.71,RU,1675668368
110,vostok,46.4856,135.8833,-14.23,86,96,2.59,RU,1675668394
111,atuona,-9.8,-139.0333,25.92,79,7,6.94,PF,1675668147
112,belmonte,-15.8631,-38.8828,24.7,86,11,3.29,BR,1675668394
113,zavetnoye,47.1194,43.8903,-2.16,76,100,6.3,RU,1675668394
114,sitka,57.0531,-135.33,5.94,75,100,8.75,US,1675668200
115,pella,59.7775,30.8181,-0.97,97,100,1.63,RU,1675668394
116,norman wells,65.282,-126.8329,-23.98,77,75,1.03,CA,1675668181
117,salalah,17.0151,54.0924,27.05,54,0,1.03,OM,1675668395
118,avarua,-21.2078,-159.775,27.03,89,40,6.17,CK,1675668395
119,tautira,-17.7333,-149.15,27.09,79,45,6.77,PF,1675668395
120,pishin,30.5803,66.9961,10.62,40,0,3.08,PK,1675668396
121,cabo san lucas,22.8909,-109.9124,19.73,68,96,6.01,MX,1675668396
122,airai,-8.9266,125.4092,20.14,81,94,1.59,TL,1675668396
123,tura,25.5198,90.2201,24.94,29,0,2.75,IN,1675668396
124,chara,56.9064,118.2631,-22.04,94,98,1.5,RU,1675668397
125,newport,51.5877,-2.9984,2.06,90,12,0.79,GB,1675668229
126,san rafael,-34.6177,-68.3301,25.31,33,0,3.15,AR,1675668397
127,tevaitoa,-16.7833,-151.5,27.49,76,13,6.27,PF,1675668397
128,lata,40.1629,-8.3327,4.49,76,1,2.69,PT,1675668398
129,new norfolk,-42.7826,147.0587,21.72,44,0,4.47,AU,1675668398
130,guerrero negro,27.9769,-114.0611,14.91,83,90,8.13,MX,1675668398
131,torez,48.0388,38.5969,-3.72,73,55,6.81,UA,1675668398
132,tiznit,29.5833,-9.5,8.56,41,3,1.5,MA,1675668279
133,narsaq,60.9167,-46.05,-11.88,85,100,2.74,GL,1675668399
134,tifton,31.4505,-83.5085,11.97,90,0,2.86,US,1675668399
135,mponela,-13.5319,33.7401,22.05,88,90,2.58,MW,1675668399
136,bredasdorp,-34.5322,20.0403,22.2,78,100,7.08,ZA,1675668400
137,sao joao da barra,-21.6403,-41.0511,23.96,94,0,1.45,BR,1675668400
138,barabai,-2.5833,115.3833,30.78,62,87,1.34,ID,1675668400
139,chernyshevskiy,63.0128,112.4714,-33.26,95,83,0.4,RU,1675668401
140,keffi,8.8486,7.8736,25.63,18,100,1.08,NG,1675668401
141,ilulissat,69.2167,-51.1,-17.99,78,100,5.66,GL,1675668401
142,carnarvon,-24.8667,113.6333,28.45,61,0,8.58,AU,1675668402
143,kovernino,57.1253,43.8142,-10.94,98,99,0.55,RU,1675668402
144,mount isa,-20.7333,139.5,28.87,65,100,2.57,AU,1675668402
145,port elizabeth,-33.918,25.5701,25.17,87,75,4.12,ZA,1675668402
146,dalaba,10.7,-12.25,17.28,48,100,0.84,GN,1675668403
147,same,-4.0667,37.7333,28.88,40,6,1.55,TZ,1675668403
148,grindavik,63.8424,-22.4338,2.26,69,75,12.35,IS,1675668403
149,wajima,37.4,136.9,8.38,65,40,3.6,JP,1675668404
150,yatou,37.15,122.3833,7.47,58,2,1.71,CN,1675668404
151,kahului,20.8947,-156.47,23.01,79,40,7.2,US,1675668404
152,dalby,-27.1833,151.2667,34.99,24,90,0.89,AU,1675668405
153,husavik,66.0449,-17.3389,2.1,59,59,9.26,IS,1675668405
154,barrow,71.2906,-156.7887,-27.99,76,0,2.57,US,1675668405
155,namatanai,-3.6667,152.4333,28.58,71,100,2.41,PG,1675668405
156,alofi,-19.0595,-169.9187,23.94,94,100,1.54,NU,1675668406
157,svencioneliai,55.1667,26.0,-5.29,91,67,3.31,LT,1675668406
158,acapulco,16.8634,-99.8901,23.9,88,20,2.06,MX,1675668406
159,acari,-15.4311,-74.6158,23.23,88,62,0.8,PE,1675668193
160,ust-nera,64.5667,143.2,-37.79,100,95,0.19,RU,1675668407
161,hirara,24.8,125.2833,19.15,94,75,6.69,JP,1675668407
162,viedma,-40.8135,-62.9967,18.27,68,42,8.38,AR,1675668407
163,ancud,-41.8697,-73.8203,10.28,86,1,1.52,CL,1675668407
164,wanning,18.8003,110.3967,25.99,67,70,3.72,CN,1675668400
165,kodiak,57.79,-152.4072,0.73,80,100,3.09,US,1675668408
166,pevek,69.7008,170.3133,-38.31,100,99,1.27,RU,1675668408
167,souillac,-20.5167,57.5167,29.21,74,40,5.14,MU,1675668408
168,shepsi,44.0361,39.1489,4.13,72,100,8.89,RU,1675668409
169,chapais,49.7834,-74.8492,-22.12,100,60,1.66,CA,1675668409
170,roald,62.5833,6.1333,7.83,70,75,7.2,NO,1675668409
171,thaba-tseka,-29.522,28.6084,17.85,40,1,1.62,LS,1675668409
172,padampur,29.6833,73.6167,25.79,21,0,2.89,IN,1675668410
173,wilmington,34.2257,-77.9447,10.0,91,100,5.66,US,1675668193
174,hilo,19.7297,-155.09,22.19,91,100,2.57,US,1675668410
175,fortuna,40.5982,-124.1573,8.19,96,100,3.6,US,1675668410
176,alice springs,-23.7,133.8833,32.75,40,0,4.63,AU,1675668410
177,camacha,33.0833,-16.3333,13.68,67,75,5.66,PT,1675668356
178,bambous virieux,-20.3428,57.7575,29.56,74,40,5.14,MU,1675668220
179,artyom,40.4723,50.333,6.08,81,97,3.78,AZ,1675668411
180,pisco,-13.7,-76.2167,22.03,94,100,1.54,PE,1675668294
181,touros,-5.1989,-35.4608,25.41,83,58,3.41,BR,1675668376
182,havoysund,70.9963,24.6622,2.13,87,100,9.8,NO,1675668136
183,vuktyl,63.8567,57.3094,-19.28,98,96,1.22,RU,1675668411
184,biscarrosse,44.3945,-1.1672,1.97,87,0,4.12,FR,1675668413
185,ust-kuyga,70.0167,135.6,-41.05,100,99,1.88,RU,1675668414
186,kodinsk,58.6881,99.1844,-8.98,90,100,3.57,RU,1675668414
187,antsohihy,-14.8796,47.9875,29.21,69,24,1.62,MG,1675668414
188,nanae,41.8833,140.6833,3.13,56,75,2.57,JP,1675668414
189,sanmenxia,34.7747,111.1814,13.23,26,4,0.5,CN,1675668415
190,otradnoye,59.7775,30.8181,-0.97,97,100,1.63,RU,1675668415
191,orlik,52.5178,99.825,-13.16,84,72,0.11,RU,1675668415
192,muisne,0.6,-80.0333,24.51,91,100,1.98,EC,1675668416
193,nova floresta,-6.4553,-36.2033,19.77,96,45,2.88,BR,1675668416
194,qitaihe,45.8,130.85,-9.44,80,91,1.66,CN,1675668416
195,nouadhibou,20.931,-17.0347,14.99,51,0,6.69,MR,1675668416
196,sangar,63.9242,127.4739,-38.03,98,98,1.53,RU,1675668417
197,dolores,-36.3132,-57.6792,18.64,49,87,3.29,AR,1675668386
198,san quintin,30.4833,-115.95,13.12,83,7,10.53,MX,1675668417
199,puquio,-14.7,-74.1333,8.99,90,100,1.12,PE,1675668417
200,mancio lima,-7.6142,-72.8958,21.06,99,100,0.56,BR,1675668417
201,ghanzi,-21.5667,21.7833,23.77,68,100,0.71,BW,1675668418
202,sao gabriel da cachoeira,-0.1303,-67.0892,21.97,100,100,0.64,BR,1675668336
203,naze,28.3667,129.4833,17.51,94,100,9.94,JP,1675668419
204,hue,16.4667,107.6,27.06,74,20,2.06,VN,1675668420
205,troitsko-pechorsk,62.7084,56.1964,-19.18,99,100,0.29,RU,1675668420
206,mukhen,48.1,136.1,-13.78,79,5,3.56,RU,1675668420
207,marienburg,54.0359,19.0266,-0.62,88,100,2.23,PL,1675668420
208,dakar,14.6937,-17.4441,18.07,88,5,6.17,SN,1675668421
209,mocuba,-16.8392,36.9856,26.58,77,100,1.99,MZ,1675668421
210,tuktoyaktuk,69.4541,-133.0374,-38.17,100,90,2.37,CA,1675668421
211,caucaia,-3.7361,-38.6531,25.97,80,40,1.03,BR,1675668422
212,provideniya,64.3833,-173.3,-15.12,92,100,3.29,RU,1675668422
213,longyearbyen,78.2186,15.6401,-3.09,74,20,6.17,SJ,1675668423
214,riacho de santana,-13.6092,-42.9389,20.6,67,35,1.65,BR,1675668202
215,mochudi,-24.4167,26.15,25.33,49,14,1.94,BW,1675668423
216,makakilo city,21.3469,-158.0858,24.2,71,0,5.14,US,1675668424
217,saint-augustin,51.226,-58.6502,-17.76,92,100,2.23,CA,1675668424
218,baruun-urt,46.6806,113.2792,-10.98,78,73,2.21,MN,1675668425
219,jibuti,11.5,42.5,23.88,46,6,6.35,DJ,1675668425
220,nuuk,64.1835,-51.7216,-13.05,74,100,4.96,GL,1675668161
221,leshukonskoye,64.8989,45.7622,-19.99,100,95,2.55,RU,1675668425
222,macas,-2.3167,-78.1167,19.6,97,100,0.69,EC,1675668333
223,bodden town,19.2833,-81.25,23.29,90,0,1.97,KY,1675668426
224,torbay,47.6666,-52.7314,1.27,93,100,12.35,CA,1675668181
225,kizukuri,40.8061,140.3861,4.73,61,80,3.55,JP,1675668426
226,linxia,35.6003,103.2064,3.96,30,100,1.79,CN,1675668427
227,pacific grove,36.6177,-121.9166,10.92,83,100,1.79,US,1675668427
228,pimentel,-6.8367,-79.9342,22.16,88,0,6.69,PE,1675668428
229,krasnovishersk,60.4078,57.082,-13.87,91,47,1.44,RU,1675668428
230,murray bridge,-35.1167,139.2667,23.52,52,0,7.0,AU,1675668428
231,coihaique,-45.5752,-72.0662,12.34,66,0,2.06,CL,1675668429
232,bykovo,55.6361,38.0803,-4.77,86,100,4.0,RU,1675668429
233,shimoda,34.6667,138.95,11.2,49,100,1.14,JP,1675668429
234,tete,-16.1564,33.5867,26.05,83,75,2.06,MZ,1675668430
235,torbat-e jam,35.244,60.6225,9.61,29,24,0.95,IR,1675668430
236,mogadishu,2.0371,45.3438,27.93,74,20,9.26,SO,1675668431
237,saint-philippe,-21.3585,55.7679,30.77,74,65,5.57,RE,1675668189
238,gigmoto,13.7796,124.39,26.47,86,88,3.32,PH,1675668431
239,lagoa,39.05,-27.9833,15.2,95,100,5.2,PT,1675668432
240,sikonge,-5.6333,32.7667,21.63,77,100,1.62,TZ,1675668434
241,victoria,22.2855,114.1577,23.31,80,87,4.02,HK,1675668339
242,igrim,63.1906,64.4162,-18.49,98,100,0.81,RU,1675668435
243,lorengau,-2.0226,147.2712,28.38,76,76,1.06,PG,1675668435
244,gushikawa,26.3544,127.8686,22.0,82,75,5.14,JP,1675668437
245,nieuw amsterdam,5.8833,-55.0833,24.45,90,100,4.17,SR,1675668437
246,arraial do cabo,-22.9661,-42.0278,23.37,89,21,2.35,BR,1675668438
247,severo-kurilsk,50.6789,156.125,-3.1,64,100,9.01,RU,1675668239
248,cayenne,4.9333,-52.3333,23.02,94,75,4.12,GF,1675668438
249,morondava,-20.2833,44.2833,27.73,67,100,3.39,MG,1675668438
250,mahebourg,-20.4081,57.7,29.58,74,40,5.14,MU,1675668439
251,cherskiy,68.75,161.3,-40.57,100,99,2.36,RU,1675668439
252,nome,64.5011,-165.4064,-7.96,62,100,3.09,US,1675668440
253,banda aceh,5.5577,95.3222,27.65,73,100,0.63,ID,1675668440
254,tharad,24.3961,71.6267,26.96,39,2,2.95,IN,1675668440
255,tukrah,32.5341,20.5791,10.93,60,100,10.63,LY,1675668441
256,ixtapa,20.7,-105.2,20.68,82,31,1.27,MX,1675668441
257,krasnyye tkachi,57.4926,39.7563,-7.1,94,100,0.5,RU,1675668441
258,saint-joseph,-21.3667,55.6167,30.21,73,58,4.65,RE,1675668442
259,mwense,-10.3845,28.698,21.93,85,100,1.38,ZM,1675668442
260,ngunguru,-35.6167,174.5,19.94,90,94,2.8,NZ,1675668442
261,vologda,59.2187,39.8886,-15.81,100,100,1.67,RU,1675668443
262,pelym,61.0108,61.9978,-12.94,95,92,1.33,RU,1675668443
263,black river,18.0264,-77.8487,22.4,84,6,1.03,JM,1675668443
264,codrington,-38.2667,141.9667,18.12,62,5,4.47,AU,1675668444
265,abnub,27.2696,31.1511,13.71,46,5,6.33,EG,1675668444
266,kpandae,8.4689,-0.0113,26.66,71,100,2.4,GH,1675668444
267,arinos,-15.9169,-46.1056,21.57,83,95,0.72,BR,1675668444
268,vetlanda,57.4289,15.0776,-3.3,95,8,1.07,SE,1675668445
269,selfoss,63.9331,-20.9971,1.14,74,100,12.47,IS,1675668445
270,verkhniy baskunchak,48.2256,46.7217,-5.79,79,100,4.96,RU,1675668445
271,chicama,-7.8447,-79.1469,20.3,77,54,1.41,PE,1675668238
272,klaksvik,62.2266,-6.589,9.51,92,100,16.65,FO,1675668446
273,alihe,50.5667,123.7167,-10.03,63,13,2.13,CN,1675668446
274,sinnamary,5.3833,-52.95,24.42,87,100,5.51,GF,1675668237
275,eureka,40.8021,-124.1637,8.34,94,38,1.34,US,1675668446
276,qui nhon,13.7667,109.2333,25.11,80,100,2.47,VN,1675668321
277,shushenskoye,53.325,91.9356,-13.49,89,98,0.65,RU,1675668447
278,el dorado,38.7666,-120.5177,1.8,97,20,2.91,US,1675668447
279,port alfred,-33.5906,26.891,27.88,76,39,1.79,ZA,1675668447
280,khandyga,62.6667,135.6,-35.0,100,97,0.46,RU,1675668448
281,paamiut,61.994,-49.6678,-11.08,79,100,4.69,GL,1675668448
282,veraval,20.9,70.3667,27.4,44,0,5.09,IN,1675668448
283,clermont,49.5,2.4167,1.8,96,17,3.94,FR,1675668449
284,iqaluit,63.7506,-68.5145,-27.95,61,100,4.12,CA,1675668449
285,anloga,5.7947,0.8973,26.91,86,96,5.43,GH,1675668449
286,kisangani,0.5167,25.2,28.04,53,59,1.79,CD,1675668450
287,valdosta,30.8327,-83.2785,13.32,88,100,3.09,US,1675668450
288,mitu,1.1983,-70.1733,21.45,99,100,0.82,CO,1675668450
289,opuwo,-18.0607,13.84,21.01,44,100,1.31,NA,1675668450
290,mar del plata,-38.0023,-57.5575,23.38,89,0,4.47,AR,1675668174
291,biak,-0.9131,122.8766,28.16,61,100,1.25,ID,1675668451
292,sembakung,3.8167,117.25,29.73,66,95,2.45,ID,1675668451
293,chulman,56.8479,124.9104,-28.4,90,100,3.54,RU,1675668451
294,barberton,-25.7884,31.0532,27.88,53,1,1.9,ZA,1675668451
295,caraguatatuba,-23.6338,-45.4899,23.52,93,100,1.86,BR,1675668452
296,turukhansk,65.8167,87.9833,-18.76,98,100,1.76,RU,1675668454
297,tikapur,28.5,81.1333,24.42,33,0,2.8,NP,1675668454
298,sri aman,1.2376,111.4621,28.03,89,40,0.0,MY,1675668454
299,vavoua,7.3819,-6.4778,22.2,84,72,1.58,CI,1675668454
300,shelburne,44.0787,-80.2041,-1.16,96,100,3.31,CA,1675668455
301,tsabong,-26.0217,22.401,27.1,51,100,5.4,BW,1675668455
302,vanavara,60.34,102.2797,-10.19,91,100,3.16,RU,1675668455
303,krasnoslobodsk,48.7072,44.5714,-7.1,86,75,5.0,RU,1675668456
304,kampong cham,11.9934,105.4635,34.46,36,12,2.01,KH,1675668456
305,lokosovo,61.1333,74.8167,-13.83,92,100,0.81,RU,1675668456
306,araouane,18.9048,-3.5265,14.93,21,6,3.84,ML,1675668457
307,lengshuitan,26.4111,111.5956,11.22,85,100,0.94,CN,1675668457
308,georgetown,5.4112,100.3354,24.97,94,40,2.57,MY,1675668457
309,broken hill,-31.95,141.4333,30.36,19,0,6.0,AU,1675668457
310,pochutla,15.7432,-96.4661,22.12,60,0,1.69,MX,1675668458
311,constitucion,-35.3333,-72.4167,15.31,81,0,2.42,CL,1675668174
312,maningrida,-12.0667,134.2667,29.59,56,100,1.76,AU,1675668458
313,bambanglipuro,-7.95,110.2833,27.6,75,100,5.35,ID,1675668458
314,ostrovnoy,68.0531,39.5131,-8.66,85,100,8.83,RU,1675668459
315,lazaro cardenas,17.9583,-102.2,21.68,89,0,1.98,MX,1675668459
316,vershino-darasunskiy,52.35,115.5167,-12.05,64,5,3.89,RU,1675668459
317,olinda,-8.0089,-34.8553,23.85,88,75,2.06,BR,1675668460
318,aasiaat,68.7098,-52.8699,-22.89,94,100,4.39,GL,1675668460
319,chipinge,-20.1883,32.6236,24.27,48,0,1.64,ZW,1675668460
320,umm kaddadah,13.6017,26.6876,23.4,14,32,6.77,SD,1675668315
321,uvalde,29.3669,-99.767,12.29,87,0,2.06,US,1675668461
322,russell,32.3502,-85.1999,9.78,100,0,0.0,US,1675668461
323,hargeysa,9.56,44.065,21.72,17,25,6.05,SO,1675668461
324,maumere,-8.6199,122.2111,26.9,82,96,5.91,ID,1675668461
325,norsup,-16.0667,167.3833,27.84,78,100,5.31,VU,1675668462
326,zhanaozen,43.3,52.8,4.21,61,21,7.66,KZ,1675668462
327,kemri,28.8167,79.2167,23.46,31,0,3.48,IN,1675668462
328,margate,51.3813,1.3862,4.61,90,12,2.91,GB,1675668463
329,umm lajj,25.0213,37.2685,20.48,53,9,1.1,SA,1675668463
330,eyrarbakki,63.863,-21.1481,1.23,72,100,13.77,IS,1675668463
331,hofn,64.2539,-15.2082,4.74,82,82,14.31,IS,1675668463
332,thompson,55.7435,-97.8558,-11.91,85,100,1.54,CA,1675668464
333,kilindoni,-7.9139,39.6668,27.64,74,100,4.39,TZ,1675668439
334,latung,5.5,120.8833,27.71,70,7,1.38,PH,1675668464
335,bria,6.5423,21.9863,27.54,15,99,1.82,CF,1675668464
336,odesskoye,54.2111,72.9651,-15.64,96,88,2.13,RU,1675668465
337,victor harbor,-35.5667,138.6167,23.71,74,0,5.69,AU,1675668465
338,toamasina,-18.1667,49.3833,27.0,83,75,3.6,MG,1675668465
339,cuite,-6.4836,-36.1536,19.78,96,48,2.72,BR,1675668465
340,itarema,-2.9248,-39.9167,24.45,89,34,2.88,BR,1675668466
341,greytown,-29.0642,30.5928,22.15,61,37,0.55,ZA,1675668466
342,saskatoon,52.1168,-106.6345,-2.01,92,100,2.06,CA,1675668240
343,sovetskaya,44.7769,41.1722,-0.44,71,100,7.59,RU,1675668466
344,yinchuan,38.4681,106.2731,4.87,18,4,0.53,CN,1675668467
345,solnechnyy,50.7214,136.6319,-17.84,96,97,1.55,RU,1675668467
346,shatrovo,56.5167,64.6333,-11.33,93,99,1.02,RU,1675668467
347,praia da vitoria,38.7333,-27.0667,16.53,88,75,5.87,PT,1675668467
348,saint george,37.1041,-113.5841,4.41,86,0,2.06,US,1675668468
349,dahanu,19.9667,72.7333,27.78,33,14,6.07,IN,1675668468
350,katangli,51.7102,143.2326,-15.38,86,100,3.34,RU,1675668468
351,qena,26.1615,32.7183,14.87,37,0,4.09,EG,1675668468
352,bahir dar,11.5936,37.3908,24.01,22,22,1.3,ET,1675668469
353,siva,29.2041,25.5195,9.59,53,0,9.32,EG,1675668469
354,sorata,-15.7667,-68.6333,6.0,98,100,0.97,BO,1675668469
355,restrepo,3.822,-76.5224,17.19,95,100,0.82,CO,1675668470
356,bairiki,1.3292,172.9752,28.0,78,75,5.66,KI,1675668470
357,darnah,32.767,22.6367,9.42,74,100,7.82,LY,1675668470
358,nantucket,41.2835,-70.0995,7.3,96,75,3.6,US,1675668470
359,vanimo,-2.6741,141.3028,27.0,84,100,1.67,PG,1675668471
360,kununurra,-15.7667,128.7333,35.99,28,12,2.57,AU,1675668471
361,chateau-gontier,47.8333,-0.7,1.09,92,7,3.41,FR,1675668471
362,gashua,12.871,11.0482,22.27,20,100,4.71,NG,1675668472
363,shache,38.4167,77.2406,-0.72,54,100,1.06,CN,1675668472
364,storforshei,66.4043,14.5233,1.48,97,100,1.79,NO,1675668472
365,three hills,51.7001,-113.2686,0.66,74,79,5.14,CA,1675668301
366,east london,-33.0153,27.9116,25.52,78,75,3.09,ZA,1675668472
367,stromness,58.965,-3.296,7.15,86,100,6.71,GB,1675668473
368,mailsi,29.8003,72.1758,25.91,18,0,5.45,PK,1675668473
369,tilichiki,60.4667,166.1,-29.07,95,9,3.67,RU,1675668473
370,alugan,12.2188,125.4808,27.05,84,44,4.62,PH,1675668473
371,taltal,-25.4,-70.4833,20.19,87,42,1.38,CL,1675668474
372,te anau,-45.4167,167.7167,16.52,60,100,2.75,NZ,1675668461
373,moen,69.1304,18.6123,3.4,75,75,3.09,NO,1675668474
374,belaya gora,68.5333,146.4167,-41.2,100,95,1.1,RU,1675668474
375,gazli,40.1333,63.45,7.92,43,90,6.09,UZ,1675668475
376,miyazu,35.5333,135.1833,8.11,66,100,1.9,JP,1675668475
377,rognan,67.0953,15.3878,3.27,85,100,4.73,NO,1675668475
378,sembe,1.6481,14.5806,24.91,65,7,1.99,CG,1675668475
379,ketou,7.3633,2.5998,25.47,85,63,1.04,BJ,1675668476
380,ust-kan,50.9276,84.761,-3.73,81,90,1.85,RU,1675668476
381,flinders,-34.5833,150.8552,25.59,73,45,4.34,AU,1675668196
382,eagle pass,28.7091,-100.4995,12.93,68,0,3.78,US,1675668476
383,pangkalanbuun,-2.6833,111.6167,33.65,47,91,2.02,ID,1675668477
384,vytegra,61.0064,36.4481,-10.93,95,89,2.39,RU,1675668477
385,tornio,65.8481,24.1466,-18.99,93,20,0.48,FI,1675668477
386,samarai,-10.6167,150.6667,26.36,86,100,6.35,PG,1675668194
387,hearst,49.6835,-83.6665,-27.86,100,89,1.71,CA,1675668478
388,amga,60.8953,131.9608,-34.95,99,100,0.69,RU,1675668478
389,petropavlovsk-kamchatskiy,53.0452,158.6483,-9.67,67,20,2.0,RU,1675668310
390,okhotsk,59.3833,143.3,-23.03,84,96,3.75,RU,1675668478
391,yar-sale,66.8333,70.8333,-27.5,100,100,0.56,RU,1675668478
392,taoudenni,22.6783,-3.9836,13.41,32,97,4.03,ML,1675668479
393,srednekolymsk,67.45,153.6833,-32.1,98,100,2.68,RU,1675668479
394,dukat,62.55,155.55,-39.39,99,43,1.96,RU,1675668479
395,callaguip,18.0714,120.4867,30.01,70,20,4.12,PH,1675668480
396,axim,4.8699,-2.2405,26.47,89,41,3.46,GH,1675668480
397,malakal,9.5334,31.6605,30.67,13,82,4.39,SS,1675668480
398,belyy yar,53.6039,91.3903,-16.75,83,40,0.0,RU,1675668480
399,san jeronimo,-11.9472,-75.2829,9.01,85,95,0.17,PE,1675668481
400,dimbokro,6.6451,-4.7048,23.68,85,100,1.39,CI,1675668481
401,sisimiut,66.9395,-53.6735,-15.58,91,100,5.39,GL,1675668481
402,oksbol,55.6268,8.2876,3.84,95,68,3.27,DK,1675668481
403,peniche,39.3558,-9.3811,7.84,68,0,2.86,PT,1675668482
404,padang,-0.9492,100.3543,32.03,68,100,2.95,ID,1675668482
405,vatra dornei,47.35,25.3667,-9.4,91,88,2.15,RO,1675668482
406,rawson,-43.3002,-65.1023,16.47,64,1,4.95,AR,1675668484
407,songjianghe,42.1859,127.479,-4.22,66,97,2.88,CN,1675668484
408,tiarei,-17.5333,-149.3333,27.01,79,96,6.85,PF,1675668485
409,saldanha,-33.0117,17.9442,21.03,74,0,1.47,ZA,1675668485
410,atlantic city,39.3643,-74.4229,8.1,91,0,2.06,US,1675668433
411,krasnyy bor,59.6819,30.6681,-1.14,97,100,2.09,RU,1675668485
412,letterkenny,54.95,-7.7333,6.94,93,100,2.94,IE,1675668485
413,panjab,34.388,67.0233,-7.12,73,6,0.9,AF,1675668486
414,camana,-16.6228,-72.7111,23.82,86,100,1.19,PE,1675668486
415,pleasanton,37.6624,-121.8747,8.93,92,0,0.0,US,1675668393
416,manokwari,-0.8667,134.0833,25.46,87,100,2.73,ID,1675668486
417,korla,41.7597,86.1469,2.33,46,100,1.37,CN,1675668487
418,ritchie,-29.038,24.6028,25.56,35,62,5.23,ZA,1675668487
419,adrar,20.5022,-10.0711,12.29,33,100,4.22,MR,1675668487
420,yarmouth,41.7057,-70.2286,6.19,92,40,2.57,US,1675668487
421,tabou,4.423,-7.3528,25.28,87,100,1.7,CI,1675668488
422,alyangula,-13.8483,136.4192,30.07,53,71,1.76,AU,1675668488
423,akyab,20.15,92.9,25.18,39,5,4.93,MM,1675668488
424,vila velha,-20.3297,-40.2925,24.97,89,0,4.63,BR,1675668469
425,havelock,34.8791,-76.9013,11.0,89,100,4.63,US,1675668316
426,ambon,-3.6954,128.1814,32.08,58,40,5.14,ID,1675668263
427,omsukchan,62.5333,155.8,-39.18,99,39,2.07,RU,1675668255
428,roma,43.2128,-75.4557,4.29,86,100,0.0,US,1675668193
429,merauke,-8.4667,140.3333,26.47,87,99,4.88,ID,1675668489
430,zoniana,35.295,24.8294,4.03,86,100,9.72,GR,1675668489
431,keflavik,64.0049,-22.5624,2.24,69,75,12.35,IS,1675668489
432,nhulunbuy,-12.2333,136.7667,31.34,58,40,4.12,AU,1675668489
433,augustow,53.8432,22.9798,-3.11,79,97,2.36,PL,1675668490
434,codajas,-3.8367,-62.0569,22.39,99,100,0.64,BR,1675668490
435,verkh-chebula,56.0308,87.6218,-11.81,84,94,1.88,RU,1675668490
436,tomatlan,19.9333,-105.25,18.4,78,32,0.81,MX,1675668491
437,poum,-20.2333,164.0167,28.76,79,100,6.19,NC,1675668491
438,lyubim,58.3625,40.6843,-14.13,99,98,0.39,RU,1675668491
439,dingle,10.9995,122.6711,28.76,70,20,5.18,PH,1675668491
440,aswan,24.0934,32.907,17.6,32,48,5.58,EG,1675668492
441,santa maria,-29.6842,-53.8069,18.84,70,5,1.3,BR,1675668492
442,vredendal,-31.6683,18.5012,22.42,68,99,0.5,ZA,1675668492
443,birin,26.8865,88.0718,15.71,46,49,3.3,NP,1675668493
444,faya,18.3851,42.4509,20.06,22,73,3.28,SA,1675668493
445,inirida,3.8653,-67.9239,22.13,99,100,0.66,CO,1675668493
446,nemuro,43.3236,145.575,-2.02,78,29,0.84,JP,1675668493
447,saint-paul,-21.0096,55.2707,31.06,73,98,2.77,RE,1675668494
448,bengkulu,-3.8004,102.2655,29.48,63,100,6.39,ID,1675668227
449,sambava,-14.2667,50.1667,27.84,72,83,3.36,MG,1675668494
450,juneau,58.3019,-134.4197,2.34,97,100,9.77,US,1675668494
451,lompoc,34.6391,-120.4579,9.4,80,0,7.6,US,1675668370
452,nanortalik,60.1432,-45.2371,-8.58,71,100,10.06,GL,1675668276
453,almaznyy,48.0448,40.045,-4.89,91,100,5.77,RU,1675668495
454,kaeo,-35.1,173.7833,20.74,94,24,1.64,NZ,1675668214
455,ketchikan,55.3422,-131.6461,5.99,87,100,6.69,US,1675668495
456,bathsheba,13.2167,-59.5167,25.34,73,20,11.32,BB,1675668495
457,batagay,67.6333,134.6333,-43.82,98,45,1.21,RU,1675668496
458,ilam,26.9167,87.9167,18.38,48,55,3.45,NP,1675668496
459,la ronge,55.1001,-105.2842,-1.86,86,75,2.57,CA,1675668496
460,mana,5.6592,-53.7767,24.05,88,100,4.91,GF,1675668496
461,harper,4.375,-7.7169,25.91,84,100,1.96,LR,1675668497
462,pervomayskoye,43.919,46.7102,0.45,94,100,5.47,RU,1675668497
463,bereda,43.2686,-7.5406,-0.33,100,56,1.55,ES,1675668497
464,imeni poliny osipenko,52.4201,136.4853,-20.32,95,54,1.22,RU,1675668497
465,skibotn,69.3913,20.2679,-0.33,93,84,4.87,NO,1675668498
466,herat,34.5,62.0,9.28,31,6,2.49,AF,1675668498
467,san bernardo,-33.6,-70.7167,23.41,50,0,0.71,CL,1675668498
468,zhuanghe,39.7008,122.9911,4.36,54,53,2.07,CN,1675668499
469,lilongwe,-13.9669,33.7873,23.11,78,40,0.0,MW,1675668499
470,kedougou,12.5579,-12.1743,22.32,35,0,0.0,SN,1675668499
471,comalcalco,18.2667,-93.2167,21.08,91,19,3.5,MX,1675668500
472,nola,40.922,14.5329,5.92,64,12,5.12,IT,1675668500
473,maceio,-9.6658,-35.7353,23.69,100,0,0.0,BR,1675668364
474,taihe,30.8712,105.3845,18.08,41,49,0.92,CN,1675668500
475,yumen,40.2833,97.2,4.4,23,59,3.67,CN,1675668500
476,mount gambier,-37.8333,140.7667,19.02,55,4,4.18,AU,1675668501
477,barra patuca,15.8,-84.2833,23.72,80,0,2.78,HN,1675668501
478,inhambane,-23.865,35.3833,25.89,72,100,2.75,MZ,1675668501
479,marawi,7.9986,124.2928,23.92,81,100,2.77,PH,1675668501
480,raton,36.9034,-104.4391,2.19,30,0,2.57,US,1675668502
481,walvis bay,-22.9575,14.5053,19.53,82,75,5.66,NA,1675668502
482,wattegama,6.7989,81.4808,24.83,88,100,2.83,LK,1675668502
483,rocha,-34.4833,-54.3333,15.42,93,10,2.48,UY,1675668503
484,port hardy,50.6996,-127.4199,6.1,93,100,2.06,CA,1675668503
485,moyale,3.5167,39.0584,26.97,20,5,6.7,KE,1675668503
486,guiratinga,-16.3494,-53.7583,21.13,91,100,1.3,BR,1675668503
487,jiangyou,31.7667,104.7167,16.85,40,32,2.22,CN,1675668504
488,anadyr,64.75,177.4833,-30.56,74,0,6.0,RU,1675668504
489,sao jose da coroa grande,-8.8978,-35.1478,24.76,87,56,1.99,BR,1675668504
490,pangnirtung,66.1451,-65.7125,-37.61,92,95,2.22,CA,1675668219
491,wagar,16.1525,36.2032,25.07,46,99,4.37,SD,1675668505
492,klyuchi,52.2667,79.1667,-6.31,90,100,2.84,RU,1675668505
493,el carmen,8.5106,-73.4478,19.67,85,99,1.8,CO,1675668505
494,viru,-8.4167,-78.75,23.93,71,85,1.09,PE,1675668505
495,atasu,48.6814,71.6433,-4.19,96,84,3.84,KZ,1675668506
496,concepcion del uruguay,-32.4825,-58.2372,19.58,61,70,1.82,AR,1675668485
497,vaitape,-16.5167,-151.75,27.56,73,12,6.29,PF,1675668506
498,paramonga,-10.6667,-77.8333,21.84,87,100,2.17,PE,1675668506
499,luena,-11.7833,19.9167,16.56,96,100,2.43,AO,1675668506
500,port hawkesbury,45.6169,-61.3485,4.54,91,75,4.63,CA,1675668507
501,yarada,17.65,83.2667,29.18,58,26,5.14,IN,1675668507
502,bilma,18.6853,12.9164,15.79,20,10,7.05,NE,1675668507
503,morgan city,29.6994,-91.2068,9.0,93,0,0.0,US,1675668508
504,kohlu,29.8962,69.252,17.32,22,0,2.15,PK,1675668508
505,sayyan,15.1718,44.3244,17.02,19,6,1.13,YE,1675668508
506,oktyabrskiy,54.4815,53.471,-7.68,92,100,1.18,RU,1675668508
507,olindina,-11.3667,-38.3333,22.35,97,85,1.64,BR,1675668509
508,maracacume,-2.0428,-45.9592,21.85,99,79,1.04,BR,1675668509
509,passy,45.9203,6.6877,0.46,68,1,3.34,FR,1675668509
510,enkoping,59.6361,17.0777,-6.94,84,10,2.19,SE,1675668509
511,qingyuan,23.7,113.0333,19.99,81,100,0.41,CN,1675668510
512,nanakuli,21.3906,-158.1547,24.99,65,0,4.12,US,1675668510
513,ponta delgada,37.7333,-25.6667,15.4,82,75,3.09,PT,1675668510
514,valdivia,-39.8142,-73.2459,11.05,94,0,1.31,CL,1675668450
515,ilo,-17.6394,-71.3375,23.08,85,100,3.16,PE,1675668511
516,maun,-19.9833,23.4167,22.98,100,75,2.06,BW,1675668511
517,hambantota,6.1241,81.1185,29.19,79,40,5.66,LK,1675668511
518,biloela,-24.4167,150.5,29.56,67,71,7.24,AU,1675668512
519,pitimbu,-7.4706,-34.8086,25.33,86,92,3.1,BR,1675668512
520,gull lake,50.1001,-108.4847,-1.51,86,39,7.59,CA,1675668512
521,sur,22.5667,59.5289,25.13,48,9,1.97,OM,1675668512
522,umba,66.6871,34.3429,-10.82,94,100,1.06,RU,1675668514
523,mandera,3.9366,41.867,29.01,38,6,5.55,KE,1675668515
524,omboue,-1.5746,9.2618,25.96,86,85,2.39,GA,1675668451
525,sao felix do xingu,-6.6447,-51.995,20.79,99,84,0.36,BR,1675668515
526,jalu,29.0331,21.5482,11.06,50,30,6.86,LY,1675668515
527,moussoro,13.6408,16.4901,23.71,16,100,6.86,TD,1675668516
528,nosy varika,-20.5833,48.5333,23.15,94,100,2.75,MG,1675668517
529,pingliang,35.5392,106.6861,6.82,25,100,1.9,CN,1675668517
530,beloostrov,60.1512,30.0015,-1.0,98,100,2.31,RU,1675668518
531,kuala terengganu,5.3302,103.1408,28.97,79,40,4.63,MY,1675668518
532,lodi,38.1302,-121.2725,9.25,90,8,1.65,US,1675668364
533,frontera,26.9333,-101.45,16.85,42,0,1.34,MX,1675668518
534,springfield,37.2153,-93.2982,6.24,71,0,3.09,US,1675668342
535,marabba,12.35,32.1833,27.17,13,22,6.04,SD,1675668518
536,hobyo,5.3505,48.5268,27.07,64,73,8.34,SO,1675668519
537,bay-khaak,51.1667,94.5,-14.0,88,74,1.0,RU,1675668519
538,glendive,47.1053,-104.7125,2.79,80,100,2.57,US,1675668519
539,kidal,18.4411,1.4078,20.8,13,49,4.29,ML,1675668520
540,kiunga,-6.1219,141.2906,26.58,95,100,2.02,PG,1675668520
541,port hedland,-20.3167,118.5667,34.03,66,0,9.77,AU,1675668343
542,maldonado,-34.6667,-54.9167,16.79,88,0,2.57,UY,1675668520
543,mwinilunga,-11.7358,24.4293,16.5,98,100,1.58,ZM,1675668521
544,karratha,-20.7377,116.8463,37.04,31,0,7.85,AU,1675668521
545,socorro,31.6546,-106.3033,17.16,18,20,4.63,US,1675668368
546,kapoeta,4.7717,33.5903,32.06,22,71,2.42,SS,1675668325
547,kamyshevatskaya,46.4132,37.9563,0.61,78,63,9.7,RU,1675668521
548,englewood,39.6478,-104.9878,6.23,46,20,6.69,US,1675668522
549,coos bay,43.3665,-124.2179,6.24,100,100,2.57,US,1675668419
550,rabo de peixe,37.8,-25.5833,14.73,82,75,3.09,PT,1675668522
551,kavaratti,10.5669,72.642,27.19,69,100,1.91,IN,1675668258
552,hualmay,-11.0964,-77.6139,21.94,85,99,2.5,PE,1675668522
